direction,arm,start_12,end_12,start_22,end_22,start_23,end_23,start_24,end_24,start_25,end_25,start_26,end_26,start_27,end_27,start_28,end_28
forward,right,0.0215609520673751,0.1617874950170517,-0.073319487273693,-0.8728710412979126,-0.0229969322681427,-0.2286582291126251,-0.0190669018775224,-0.2028809487819671,0.1412340998649597,0.5638218522071838,0.0268206968903541,0.0275397486984729,-0.2164063453674316,0.2046867311000824,0.0940483659505844,0.0817535072565078
down,right,0.1615866124629974,0.1639301925897598,-0.8468892574310303,-0.0724086910486221,-0.2278313040733337,0.0265698265284299,-0.2023296803236007,-0.2038996070623397,0.5579615831375122,0.980657160282135,0.0275876857340335,0.028174914419651,0.2360106259584427,0.0689140930771827,0.0819145813584327,0.0182620417326688
forward,right,0.1638632416725158,0.2735026776790619,-0.063588298857212,-0.449120819568634,0.0250118765980005,-0.1488552689552307,-0.2047504931688308,-0.2095801383256912,0.9974470734596252,1.1032557487487793,0.0282468181103467,-0.1271526366472244,0.0689524412155151,0.0304111707955598,0.0182697121053934,-0.0628778785467147
back,right,0.2735428512096405,0.1722063869237899,-0.4276331067085266,0.7051158547401428,-0.1208001971244812,0.0075508616864681,-0.2073031216859817,-0.0087365005165338,1.1034115552902222,0.4477066993713379,-0.1271646171808242,-0.1268530189990997,0.0303958300501108,-0.9384511709213256,-0.0628625378012657,0.2423459738492965
forward,right,0.1723001301288604,0.1044032201170921,0.5162205100059509,-0.5783587098121643,0.0074909403920173,-0.0223018452525138,-0.0084848310798406,-0.2105987966060638,0.5434126853942871,0.9091233015060424,-0.127560093998909,-0.1268050819635391,-0.9384357929229736,-0.2203410118818283,0.2423536330461502,0.000613592332229
down,right,0.1044433936476707,0.1050995960831642,-0.5783946514129639,-0.0574164241552352,-0.014859639108181,0.0242448858916759,-0.2047624737024307,-0.2033243626356125,0.9093030691146852,1.1666404008865356,-0.1275001764297485,-0.1293936818838119,-0.2202413082122802,0.0350207835435867,0.000582912703976,-0.0002454369387123
left,right,0.1051129922270774,0.0704949423670768,-0.0672554746270179,-0.3696054816246032,0.0252036247402429,0.1129760891199112,-0.2034082561731338,0.8887381553649902,1.165921330451965,0.534676194190979,-0.129142016172409,0.4216889441013336,0.0350744724273681,0.0346296168863773,-0.0002607767528388,0.2059215903282165
forward,right,0.0705217197537422,0.1643051654100418,-0.3365889489650726,-0.7577505707740784,0.0925669521093368,0.0020141489803791,0.8897687792778015,0.1788405925035476,0.533621609210968,0.5608617663383484,0.4212215542793274,0.4195557534694671,0.0346986465156078,0.1925759613513946,0.2059292644262313,0.0595798157155513
left,right,0.1644792556762695,0.1800272464752197,-0.70644611120224,-0.3836629986763,0.0268933996558189,0.1408633887767791,0.1928381621837616,0.6882780194282532,0.5546659231185913,0.2913245260715484,0.4192681312561035,0.2240930348634719,0.1926373243331909,0.1279340088367462,0.0952602103352546,-0.0312701985239982
back,right,0.1800540387630462,0.1931111365556717,-0.3380749821662903,0.3969055414199829,0.1211373507976532,-0.1625052988529205,0.694413959980011,0.5834400057792664,0.2589191794395447,-0.1701759994029998,0.2238892912864685,0.0281868986785411,0.1291688531637191,-0.3197813332080841,-0.0311321411281824,0.1336710900068283
forward,right,0.1931647062301635,0.2437860667705536,0.3964861035346985,-0.5866158604621887,-0.1621218025684356,0.1126645058393478,0.5840871930122375,0.1407906711101532,-0.1355415880680084,0.7894129157066345,0.0280311033129692,0.0285464245826005,-0.3209011256694793,-0.0591349638998508,0.1341236233711242,0.0295828208327293
left,right,0.2439467757940292,0.046563621610403,-0.5679444074630737,-0.4097286760807037,0.120418295264244,0.1362494528293609,0.147022470831871,0.9212034344673156,0.7522138953208923,0.3359537720680237,0.0280311033129692,0.4197834432125091,-0.0592423416674137,-0.0596335045993328,0.0296211708337068,0.0493021458387374
down,right,0.0466171875596046,0.0491080805659294,-0.4091174900531769,-0.2059968411922454,0.1345836520195007,0.0598260499536991,0.9319292902946472,0.9774333834648132,0.341190904378891,1.0444012880325315,0.4197834432125091,0.4187887609004974,-0.059342049062252,-0.0496856421232223,0.0497239902615547,0.0425142794847488
right,right,0.0491080805659294,0.0484384857118129,-0.2169504314661026,-0.1501743197441101,0.0598020814359188,-0.5665174722671509,0.9751324653625488,-0.062557652592659,1.0362999439239502,1.0862022638320925,0.4203347265720367,0.4201789200305938,-0.0493865124881267,-0.0610677786171436,0.0424529202282428,-0.0498927272856235
up,right,0.0484518781304359,0.1592296361923217,-0.1448653191328048,-0.4863318502902984,-0.4973685145378113,-0.6649079918861389,-0.062557652592659,-0.6391666531562805,1.0852075815200806,0.2964657545089721,0.4203706681728363,0.3393213450908661,-0.0610370971262455,-0.7159548997879028,-0.0499234087765216,-0.0304035004228353
right,right,0.1593099981546402,0.1590823233127594,-0.4479583501815796,-0.0563737973570823,-0.6022544503211975,-0.2538730204105377,-0.6825975179672241,-1.0713777542114258,0.3001808822154999,0.1412101238965988,0.3429286181926727,0.3430124819278717,-0.7063214778900146,-0.4810487329959869,-0.0347830168902874,-0.2019715905189514
back,right,0.1591626852750778,0.1469894498586654,-0.0563258603215217,0.5912417769432068,-0.2139895260334015,-0.1757718324661255,-1.0699156522750854,-0.9195735454559326,0.1437987238168716,-0.2574810683727264,0.3428447246551513,0.6187455654144287,-0.4809873700141907,-0.4816546440124511,-0.2019102275371551,0.188879057765007
left,right,0.1472840756177902,0.1596046090126037,0.5902350544929504,-0.1944320648908615,-0.1728356927633285,0.0522040836513042,-0.9058756232261658,0.7739173173904419,-0.2487206161022186,-0.1435710191726684,0.6171636581420898,0.1357453167438507,-0.3917096853256225,0.0064887390471994,0.1888637244701385,0.1539349853992462
down,right,0.1595108658075332,0.1595778316259384,-0.1934853196144104,-0.051939632743597,0.0516887605190277,0.0529351234436035,0.762412428855896,0.7798494696617126,-0.1355296075344085,1.012343406677246,0.1378066092729568,0.1379504203796386,0.0065194186754524,0.0036048549227416,0.1540270149707794,0.1427982747554779
forward,right,0.1596046090126037,0.1597787141799926,-0.0575362667441368,-0.6942461729049683,0.0527194067835807,0.1193037629127502,0.7802689075469971,0.451661467552185,1.0131943225860596,0.714739203453064,0.1375549435615539,0.1526071280241012,0.0038502919487655,0.1809560507535934,0.142867311835289,0.0388864167034626
up,right,0.1598322689533233,0.1594572961330413,-0.6657237410545349,-0.6466568112373352,0.1193516999483108,0.1206579804420471,0.4588759839534759,0.1519959270954132,0.7148230671882629,-0.5020071864128113,0.1521996557712555,0.1518161594867706,0.1806722730398178,-0.3747822046279907,0.0406198129057884,0.0664904043078422
back,right,0.1597787141799926,0.1442039310932159,-0.5725104212760925,0.4855528771877289,0.1379392296075821,-0.205540657043457,0.1955226361751556,0.546480655670166,-0.5354431867599487,-0.2130315899848938,0.1554353982210159,0.1071269884705543,-0.3746594786643982,-0.5002925395965576,0.2050932347774505,0.2281336337327957
forward,right,0.1443646401166916,0.2620660066604614,0.4799322783946991,-0.6568314433097839,-0.2056365311145782,0.0911647975444793,0.547223687171936,0.0611315332353115,-0.2071593105792999,0.595568060874939,0.1061442792415618,0.1059046015143394,-0.4999013543128967,-0.0855731219053268,0.2289083003997802,0.0095183514058589
up,right,0.2623472213745117,0.2678780853748321,-0.6434810161590576,-0.7253572344779968,0.0473145209252834,0.0973965972661972,0.0615749508142471,-0.0529822595417499,0.5986839532852173,-0.4627948403358459,0.1061922162771225,0.2221875339746475,-0.0854273959994316,-0.113284483551979,0.0106304874643683,0.0949687585234642
right,right,0.2680923640727997,0.2678379118442535,-0.6441041827201843,-0.2295099049806594,0.1205740869045257,-0.4247081577777862,0.0327528864145278,-0.8088752627372742,-0.4925875961780548,0.0239085294306278,0.2254352569580078,0.7594044208526611,-0.2173113971948623,-0.357195109128952,0.0982207953929901,-0.0632153525948524
up,right,0.2682530581951141,0.1590957194566726,-0.2311037927865982,-0.6660113334655762,-0.3162868618965149,-0.562311053276062,-0.7916060090065002,-0.5727980136871338,-0.0517718531191349,-0.324868381023407,0.7527890801429749,0.6270626187324524,-0.339623361825943,-0.3182780146598816,0.1344150751829147,0.1432738155126571
forward,right,0.1591760665178299,0.3761917352676391,-0.6427619457244873,-0.7611660957336426,-0.4477538466453552,-0.7811909317970276,-0.5618923902511597,-0.6141555905342102,-0.3299376964569092,0.7177232503890991,0.6171756386756897,0.185252159833908,-0.318508118391037,-0.0599403008818626,0.1450608968734741,0.0598482638597488
up,right,0.3767809867858886,0.3808119595050812,-0.7523936033248901,-0.8414843678474426,-0.6227474808692932,-0.678426206111908,-0.5931112766265869,-0.6045802235603333,0.6653881669044495,-0.1285667717456817,0.1850723922252655,0.1945399343967437,-0.1637447923421859,-0.6433592438697815,0.1370228379964828,0.2177869379520416
right,right,0.3809190690517425,0.1037871912121772,-0.8405495882034302,-0.3701687455177307,-0.6031413078308105,-0.6206262707710266,-0.5977731347084045,-0.9178478717803956,-0.1344630122184753,-0.0124156577512621,0.1949713677167892,0.7744805812835693,-0.6431828141212463,-0.1427369266748428,0.2178713083267212,0.1545945852994918
down,right,0.1038273647427558,0.1040952056646347,-0.370480328798294,-0.1360569149255752,-0.6033090949058533,-0.1299082040786743,-0.9099262952804564,-0.794542133808136,-0.0260417219251394,0.9293287396430968,0.7741929292678833,-0.0810732841491699,-0.1426525563001632,0.0023700003512203,0.1555149853229522,0.0184231102466583
left,right,0.104242518544197,0.1282541900873184,-0.1470104902982711,-0.4033770263195038,-0.0969515889883041,0.1297300457954406,-0.7900840044021606,0.9361717104911804,0.9285497665405272,0.5621080994606018,-0.0830506831407547,0.1848926246166229,0.0022856316063553,-0.2145809084177017,0.0184077695012092,-0.0090428171679377
right,right,0.1282675713300705,0.1277452856302261,-0.3853287994861603,-0.0986421555280685,0.1164155602455139,-0.227807343006134,0.9375139474868774,-0.8795942068099976,0.565751314163208,0.5768846273422241,0.1846888959407806,-0.099624864757061,-0.2144198417663574,-0.1918319761753082,-0.0090274773538112,-0.0789770036935806
back,right,0.1278122514486313,0.125415101647377,-0.0995889082551002,0.5111032128334045,-0.1836454719305038,0.006676010787487,-0.8759509921073914,-0.6759462356567383,0.5761416554450989,-0.0101266698911786,-0.0996128767728805,0.300995796918869,-0.1930284798145294,-0.4788167774677276,-0.0789846777915954,0.2612676322460174
left,right,0.125602588057518,0.1332091838121414,0.4703089296817779,-0.117385484278202,0.0083178505301475,0.0027931220829486,-0.6696425676345825,0.965425193309784,-0.0078376829624176,0.2219358682632446,0.2998333275318146,0.1863906532526016,-0.4786787331104278,-0.3096570372581482,0.2612906396389007,0.1208316758275032
up,right,0.1332761496305465,0.1331690102815628,-0.1159473806619644,-0.2725811898708343,0.0050221905112266,0.0951555520296096,0.9752283096313475,0.6497607231140137,0.300995796918869,-0.6202435493469238,0.1843533366918563,0.1843053996562957,-0.3002460896968841,-0.2201569378376007,0.1261545866727829,0.1135836169123649
down,right,0.1332895308732986,0.1335038095712661,-0.2253393828868866,-0.0332562252879142,0.0531388521194458,0.0527194067835807,0.7829773426055908,0.7397502660751343,-0.6478432416915894,0.9725438356399536,0.1855877190828323,-0.051232561469078,-0.3574558794498443,-0.1087515726685524,0.1582608073949813,0.1234010905027389
up,right,0.1335305869579315,0.1331020444631576,-0.0279711820185184,-0.3378353118896484,0.053869891911745,0.1335769742727279,0.7412363290786743,0.4528838694095611,0.9752522706985474,-0.4377478063106537,-0.0518317744135856,-0.0493510402739048,-0.0674184560775756,-0.4366399943828583,0.1225497350096702,-0.1151022538542747
left,right,0.1332627534866333,0.1337046921253204,-0.2293421179056167,-0.3042435348033905,0.0944364964962005,0.0550563298165798,0.5393860340118408,1.0408300161361694,-0.4607934653759002,-0.1770549416542053,0.0025286716409027,-0.0090001532807946,-0.615824282169342,-0.5850449800491333,-0.1166669130325317,0.0598099157214164
up,right,0.1334636360406875,0.1383516788482666,-0.2324700057506561,-0.8128181099891663,0.002169944345951,0.1216406822204589,1.0125471353530884,0.6616370677947998,-0.1689416170120239,-0.2314753085374832,0.0673992857336998,1.2039473056793213,-0.6430677771568298,-0.3002077341079712,0.0633917599916458,0.3849218189716339
right,right,0.1381775736808776,0.1376686841249466,-0.7313133478164673,-0.2967413961887359,0.121568776667118,-0.2923423945903778,0.6662150621414185,-0.803434431552887,-0.3472668826580047,-0.0925421863794326,1.2038992643356323,1.9874998331069944,-0.2996554970741272,-0.2465644180774688,0.3875449299812317,0.3345688879489898
forward,right,0.1377624273300171,0.1598456650972366,-0.2904856503009796,-0.774732232093811,-0.1916988641023636,-0.4088650047779083,-0.7897604703903198,-0.404815137386322,-0.0941720455884933,0.3652671873569488,1.793115735054016,1.5596270561218262,-0.193074494600296,0.015370488166809,0.3349293768405914,0.1342616826295852
left,right,0.1601001173257827,0.3138256967067718,-0.7683925628662109,-0.7309898138046265,-0.3400156497955322,0.1219283044338226,-0.3975766599178314,0.6143233776092529,0.2934217751026153,-0.0354014001786708,1.55933940410614,1.6765092611312866,0.0162678677588701,-0.0490720495581626,0.1980445981025695,0.0422535017132759
forward,right,0.4370043277740478,0.4886167049407959,-0.6872833371162415,-0.825161874294281,0.1219043359160423,0.0450854524970054,0.5826610326766968,-0.0047936900518834,-0.1080377921462059,0.2999531626701355,1.6789300441741943,1.8706656694412231,-0.0146878669038414,0.2015804201364517,0.084054484963417,-0.181968480348587
down,right,0.4889648854732513,0.3264542520046234,-0.7768294811248779,-0.2035161107778549,0.0642482340335846,0.1243251487612724,0.0729120299220085,0.030667632818222,0.3003246784210205,1.1524630784988403,1.8703300952911377,1.068142056465149,0.2013963460922241,0.0662526339292526,-0.2544414103031158,-0.0099095162004232
right,right,0.3265211880207062,0.323615163564682,-0.203504130244255,-0.0985343009233474,0.1244569793343544,-0.5092328786849976,0.0330884456634521,-0.4404442608356476,1.1518638134002686,1.1214717626571655,1.0680221319198608,0.9375259280204772,0.0663676857948303,-0.3389330804347992,-0.0102623319253325,0.3846763968467712
down,right,0.3234812319278717,0.3199591636657715,-0.0999004989862442,0.0902771651744842,-0.4652268290519714,-0.1531456112861633,-0.4408756792545318,-0.4411513209342956,1.116438388824463,1.3834829330444336,0.9380292892456056,0.9409773945808412,-0.2552237510681152,-0.2003609091043472,0.3845306634902954,0.1220358461141586
back,right,0.3198520243167877,0.2833992838859558,0.0966767445206642,0.7056431770324707,-0.0897250920534133,-0.1418325006961822,-0.4405521154403686,-0.4385267794132232,1.3840101957321167,0.1363565176725387,0.9405819177627563,1.359981894493103,-0.2003072202205658,0.132819727063179,0.1263003200292587,0.2692059576511383
right,right,0.2833859026432037,0.2849125862121582,0.5895759463310242,0.2785493433475494,-0.0824266970157623,0.0056213997304439,-0.4376039803028106,-1.3960663080215454,0.1406468600034713,0.2129357159137725,1.3601975440979004,1.363553166389465,0.1297517716884613,0.0962956473231315,0.2683239281177521,0.071429818868637
back,right,0.2857428789138794,0.2832653820514679,0.2327336519956588,0.6431694030761719,0.0651470497250557,-0.2204969525337219,-1.380522847175598,-0.7133730053901672,0.2141820788383484,-0.2657142281532287,1.363517165184021,1.3052139282226562,0.0966024473309516,0.1085214763879776,0.1358186602592468,0.3569343388080597
right,right,0.2849527597427368,0.2899613380432129,0.5102283954620361,0.1766834259033203,-0.2034194469451904,-0.0959928482770919,-0.6737052202224731,-1.5384269952774048,-0.2853324115276336,-0.052023522555828,1.304722547531128,0.5782508254051208,0.1602856665849685,0.0675565153360366,0.3955523073673248,0.6737320423126221
back,right,0.2900684475898742,0.2851134538650512,0.1341274529695511,0.7535800933837891,-0.0119954124093055,-0.4119209945201874,-1.5358264446258545,-0.7583138346672058,-0.0523231290280818,-0.3307046890258789,0.5779871940612793,1.4034487009048462,0.0673647671937942,0.3076168596744537,0.6814402937889099,0.3877059817314148
down,right,0.2858098447322845,0.2844840288162231,0.628584623336792,0.4838151633739471,-0.405521422624588,-0.1064670532941818,-0.7524296045303345,-0.8066222667694092,-0.3738359212875366,0.7751277089118958,1.4025617837905884,0.773617684841156,0.3059678375720978,0.3333493769168854,0.383709967136383,0.2706785798072815
back,right,0.2847786545753479,0.1986821591854095,0.4672529697418213,0.4835754632949829,-0.0510999411344528,-0.1386686712503433,-0.8012892603874207,-0.334096223115921,0.8129259347915649,-0.2091487050056457,0.7738693356513977,1.5209540128707886,0.3333493769168854,0.3284866511821747,0.2698349058628082,0.2776351869106293
down,right,0.1986018121242523,0.1985616385936737,0.4887646436691284,0.4122573435306549,-0.0950700640678405,-0.0199409499764442,-0.3307526409626007,-0.7197006344795227,-0.2097479104995727,1.203851342201233,1.5212535858154297,1.282204270362854,0.3495328724384308,0.0116199050098657,0.2764386832714081,0.5136381387710571
left,right,0.198588415980339,0.570012629032135,0.3948083221912384,-0.1055211052298545,0.0262702200561761,0.0536062382161617,-0.7195088863372803,0.7014127373695374,1.2028326988220217,0.3643803596496582,1.2828513383865356,0.2621669173240661,0.0116659244522452,-0.1133458465337753,0.5120735168457031,0.0004065049288328
up,right,0.5701331496238708,0.5691689848899841,-0.1007034480571746,-0.336672842502594,0.0534863956272602,0.1366329491138458,0.7099454998970032,0.3889719843864441,0.3802474737167358,-0.667593240737915,0.2610044479370117,0.2632694542407989,-0.049746997654438,-0.2168665379285812,-0.0002454369387123,0.2600174248218536
back,right,0.5695707201957703,0.5603035092353821,-0.309660404920578,0.4946968257427215,0.1256194412708282,-0.2492471039295196,0.5085745453834534,0.425284206867218,-0.6583653688430786,-0.2858357429504394,0.2661696374416351,0.0008748484542593,-0.2579158842563629,-0.4547869861125946,0.2615590691566467,0.3674651086330414
left,right,0.5604240298271179,0.5707492232322693,0.4885489344596863,-0.2710112631320953,-0.2140734195709228,0.0695692300796508,0.4234026670455932,0.8493220210075378,-0.246335744857788,0.0447610802948474,-0.0051532168872654,0.155423417687416,-0.4575711488723755,-0.0221276748925447,0.3677795827388763,0.2601785063743591
right,right,0.5707893967628479,0.5697849988937378,-0.2535622417926788,-0.185743510723114,0.0642122775316238,-0.0736063122749328,0.8530731201171875,-0.9221621751785278,0.1082774773240089,0.4164638221263885,0.144349992275238,-0.2837385237216949,-0.0679630190134048,-0.2480907291173935,0.2601708173751831,0.2197044044733047
up,right,0.5704010128974915,0.1097064092755317,-0.1934254020452499,-0.3724217712879181,-0.0123669207096099,-0.1148320436477661,-0.9094229340553284,-0.4489290714263916,0.4161881804466247,-0.1729563325643539,-0.2845055162906647,-0.0520474910736084,-0.2485279142856598,-0.4679638743400574,0.2200495600700378,-0.076952151954174
left,right,0.2683334052562713,0.2686414122581482,-0.0962572991847992,-0.2525315880775451,-0.0524182021617889,0.0639006868004798,-0.1327612400054931,0.8917222023010254,0.2595303952693939,0.1695647984743118,0.3433720171451568,0.3053221106529236,-0.4469790160655975,-0.1962728500366211,0.1338781863451004,0.2592120766639709
down,right,0.2686012387275696,0.2686414122581482,-0.1839458793401718,-0.0986900925636291,0.0473504737019538,0.0528871864080429,0.8924292922019958,0.8970671892166138,0.3019066154956817,1.1263973712921145,0.3044472634792328,0.3001689016819,-0.1953908056020736,-0.1964569240808487,0.2595572471618652,0.1858954727649688
left,right,0.2686280310153961,0.269177109003067,-0.1234974414110183,-0.3018347024917602,0.052192099392414,0.0718342438340187,0.8903560042381287,1.0145126581192017,1.126193642616272,0.7286409139633179,0.3043753504753113,0.3988470137119293,-0.1961041092872619,-0.0914636105298996,0.1857113987207412,0.2904899716377258
right,right,0.2691101431846618,0.2684941291809082,-0.2545090019702911,-0.0334359891712665,0.0633254423737526,-0.2939243018627167,1.0139973163604736,-0.5254243612289429,0.7671582102775574,0.9616262316703796,0.3732726573944092,0.1520798206329345,-0.0910571068525314,-0.2903518974781036,0.2899300456047058,0.0302577726542949
up,right,0.2685878574848175,0.2683200240135193,-0.0664645135402679,-0.1874812245368957,-0.2681462466716766,-0.311073750257492,-0.525100827217102,-0.7679851055145264,0.9563411474227904,-0.2092925161123275,0.152139738202095,0.1441702246665954,-0.2900067567825317,-0.3604164719581604,0.0289232097566127,0.1335713863372802
forward,right,0.2685208916664123,0.4315002560615539,-0.1857075542211532,-0.6889731287956238,-0.2520394325256347,-0.4494675397872925,-0.7604350447654724,-0.6021474003791809,-0.2098437845706939,0.5591839551925659,0.1438107043504715,-0.0098510328680276,-0.3609303534030914,-0.1949459612369537,0.1343920677900314,0.0934424474835395
back,right,0.4306297898292541,0.4194341599941253,-0.661397397518158,0.512037992477417,-0.4240010976791382,0.0257668830454349,-0.599079430103302,-0.4895076751708984,0.5583210587501526,-0.2498231530189514,-0.0014141385909169,0.0659851431846618,-0.1959660500288009,-0.7758338451385498,0.0946312770247459,0.0464949607849121
forward,right,0.4198895096778869,0.5429610013961792,0.4373882710933685,-0.6218255162239075,0.0255991034209728,-0.5679795742034912,-0.4833717346191406,-0.6010088920593262,-0.2462758272886276,0.5138356685638428,0.0646069571375846,0.0668719783425331,-0.7713086009025574,0.0122028179466724,0.0643658339977264,0.0287621412426233
back,right,0.5429074764251709,0.0941584184765815,-0.5997505784034729,0.3579088747501373,-0.5601298809051514,0.0129917003214359,-0.602363109588623,-0.0529582910239696,0.5162324905395508,-0.245137333869934,0.0670038014650344,-0.0100188124924898,-0.0522550567984581,-0.3926760852336883,0.0284553449600934,0.1648645997047424
left,right,0.0943726897239685,0.0711511448025703,0.34593665599823,-0.2571575045585632,0.0130156688392162,0.0901820957660675,-0.0454921200871467,0.6280812621116638,-0.2444182783365249,0.2519204020500183,-0.0103783393278718,0.0685138180851936,-0.3927221000194549,-0.1858571171760559,0.1667897403240203,0.1468403190374374
back,right,0.071164533495903,0.0697985589504242,-0.2566421926021576,0.4032931625843048,0.0899184420704841,-0.3792639672756195,0.6285126805305481,0.6055868864059448,0.2539696991443634,-0.0276955440640449,0.0682621449232101,0.0673153921961784,-0.1857344061136245,-0.7399770021438599,0.1468556523323059,0.1426602154970169
up,right,0.0699726566672325,0.0706958174705505,0.392782986164093,-0.0636721923947334,-0.3327412009239197,0.0489683449268341,0.6072646379470825,0.2512373030185699,-0.011037471704185,-0.6023032069206238,0.0663686394691467,0.4252362549304962,-0.7157324552536011,-0.5631703734397888,0.143342837691307,0.2517569363117218
left,right,0.0707359910011291,0.0756642073392868,-0.0241841673851013,-0.2508657872676849,0.0520842410624027,0.0566142797470092,0.2529869973659515,0.8518866896629333,-0.5965148210525513,-0.2518484890460968,0.4210178256034851,0.1150845140218734,-0.5631780624389648,-0.7235787510871887,0.2517185807228088,0.1051620617508888
forward,right,0.0755436867475509,0.1895087212324142,-0.2174777388572693,-0.8961803913116455,0.0557633973658084,0.1293585300445556,0.8437014222145081,0.2234938144683838,-0.2441785931587219,0.403616726398468,0.115132451057434,0.3705642223358154,-0.7408053874969482,0.0169504880905151,0.1049779802560806,0.0141279641538858
right,right,0.1897631585597992,0.1890667825937271,-0.8620612621307373,-0.417134940624237,0.1273331940174102,-0.400404155254364,0.2769794166088104,-0.5631867051124573,0.3625707626342773,0.3576332628726959,0.3708638250827789,0.3917883038520813,0.0174567028880119,0.0132229151204228,0.064174085855484,0.1160916686058044
back,right,0.1890667825937271,-0.1269015967845916,-0.3478061854839325,0.5901631712913513,-0.2936007380485534,-0.0984975546598434,-0.559699296951294,-0.0136859854683279,0.2430760413408279,-0.4462805688381195,0.3900865316390991,0.1444698423147201,-0.0886947736144065,-0.4791159033775329,0.1479447782039642,0.157723918557167
forward,right,-0.1265534162521362,0.3244722485542297,0.5075559020042419,-0.6640698909759521,-0.0976826250553131,-0.2152119278907776,-0.0056685386225581,-0.4945530295372009,-0.365255206823349,0.4888844788074493,0.1443140357732772,0.1525352150201797,-0.4786710739135742,0.0576776787638664,0.1577162444591522,0.1123027428984642
right,right,0.3247132897377014,0.3232000172138214,-0.6246058344841003,-0.1838500052690506,-0.1917348206043243,-0.3440783023834228,-0.4857446253299713,-0.9573478698730468,0.4445548355579376,0.4495162963867187,0.155315563082695,0.1552796065807342,0.0297362189739942,-0.0132535947486758,0.1118962317705154,0.0418853461742401
down,right,0.3233339190483093,0.3234410583972931,-0.1661253273487091,-0.0338194854557514,-0.2921746075153351,0.0261503793299198,-0.949042797088623,-0.951355755329132,0.4423736929893493,1.130927324295044,0.1529666483402252,0.1531703770160675,0.066306322813034,0.0796059370040893,0.0418776795268058,0.0178018473088741
left,right,0.3234142661094665,0.23517507314682,-0.0321656614542007,-0.1806382238864898,0.0824522674083709,0.0790966898202896,-0.9508883357048036,0.5357428193092346,1.1319940090179443,0.6580178737640381,0.153110459446907,-0.1586711406707763,0.0796059370040893,-0.4467259049415588,0.0178018473088741,0.2682318985462188
back,right,0.2352018654346466,0.233353778719902,-0.1443380117416381,0.3586279451847076,0.0732483863830566,-0.1762631833553314,0.5360543727874756,0.1485804319381714,0.6912141442298889,1.0096230506896973,-0.1594381332397461,-0.1294176429510116,-0.4466952383518219,-1.6264952421188354,0.2685540318489074,0.2134227603673935
forward,right,0.233353778719902,0.2914210557937622,0.3585560321807861,-0.5307693481445312,-0.161462664604187,0.1362374722957611,0.1498747169971466,0.2985030710697174,1.0128347873687744,0.8697431683540344,-0.1298850327730178,-0.1683903485536575,-1.607136368751526,-0.095060795545578,0.2198884934186935,0.2199115008115768
down,right,0.2918227910995483,0.3236955106258392,-0.4856007993221283,0.0155435400083661,0.1365610361099243,0.0684067606925964,0.3017747700214386,0.306113064289093,0.7951773405075073,1.170966625213623,-0.1689655929803848,-0.1693131327629089,-0.0885950624942779,-0.0688143819570541,0.2204330563545227,0.2161379009485244
right,right,0.3236955106258392,0.3196645379066467,0.0169217251241207,0.0853037163615226,0.0682869106531143,-0.3419570922851562,0.3060291707515716,-0.7300190925598145,1.1711344718933103,1.1507372856140137,-0.1693251132965088,-0.1592823415994644,-0.0687376856803894,-0.0708699151873588,0.2161532491445541,-0.0083832051604986
forward,right,0.3197315037250519,0.0235027763992548,0.0853276848793029,-0.6059584021568298,-0.2712142169475555,-0.1846401542425155,-0.7300789952278137,-0.48005211353302,1.148711919784546,0.7333267331123352,-0.1590905934572219,-0.1682824939489364,-0.0717672929167747,-0.4442255198955536,-0.0083908755332231,0.1979985833168029
right,right,0.0235429517924785,0.0211725868284702,-0.6020035743713379,-0.1516843438148498,-0.1275353282690048,-0.3216797709465027,-0.4811546504497528,-0.8446242213249207,0.7293359637260437,0.7329911589622498,-0.167851060628891,0.0766870602965354,-0.4464267790317535,-0.4431747496128082,0.1425605118274688,0.0418700091540813
down,right,0.0213332902640104,0.0213065054267644,-0.1177809685468673,0.0579796805977821,-0.2772063016891479,0.0416939184069633,-0.9118797183036804,-0.9160861372947692,0.7231640815734863,1.2461076974868774,0.0674831718206405,0.0674831718206405,-0.4434661865234375,0.0032980588730424,0.0645805969834327,-0.0338089391589164
up,right,0.0213065054267644,0.0230340603739023,0.0538930594921112,-0.6159532070159912,0.0502386726438999,-0.0995401740074157,-0.9159063696861268,-0.3986912071704864,1.2460358142852783,0.0168857742100954,0.0673992857336998,1.2428001165390017,0.0032520394306629,-0.0392622388899326,-0.0984508916735649,0.2487043142318725
forward,right,0.0231411959975957,0.4068457782268524,-0.496230810880661,-0.6094817519187927,-0.0540959909558296,-0.4288307428359985,-0.3961385786533355,-0.7571393847465515,0.0093476958572864,0.5247532725334167,1.2441303730010986,1.057392120361328,-0.0377129204571247,0.1301659494638443,0.2486966550350189,0.0803038999438285
back,right,0.4067520499229431,0.1551986783742904,-0.5805398225784302,0.3588795959949493,-0.4101473391056061,-0.0361556112766265,-0.759787917137146,-0.2508418262004852,0.5188330411911011,-0.466677725315094,1.0582070350646973,1.4410072565078735,0.1276885718107223,0.254809558391571,0.1001382693648338,0.3943941593170166
forward,right,0.1553058177232742,0.4280317723751068,0.3313159048557281,-0.625300943851471,-0.0360477492213249,-0.4062045216560364,-0.2423090487718582,-0.5995468497276306,-0.4659107327461242,0.4257755577564239,1.4402881860733032,1.4111305475234983,0.255124032497406,0.1288007050752639,0.3941640555858612,0.0600093305110931
right,right,0.4278710782527923,0.4270541667938232,-0.5806716680526733,-0.1446376144886016,-0.3708750307559967,-0.6395613551139832,-0.5988157987594604,-0.6807039976119995,0.3584002256393432,0.4376758933067322,1.4098002910614014,0.704276978969574,0.1286703199148178,-0.0671806931495666,-0.009487671777606,0.0008743691141717
up,right,0.4266524016857147,0.4269872009754181,-0.1440384089946746,-0.38217693567276,-0.5288870334625244,-0.4895787835121155,-0.6872234344482422,-0.8312498331069946,0.3984275460243225,-0.3023140728473663,0.7025392651557922,0.460218220949173,-0.067234382033348,-0.467733770608902,-0.0029759227763861,0.0284860245883464
right,right,0.4269068539142608,0.424107939004898,-0.3768679201602936,0.2010473608970642,-0.445944219827652,-0.4013029634952545,-0.8319209218025208,-1.614167332649231,-0.3101876974105835,0.0629890859127044,0.4605298042297363,0.7743247747421265,-0.4676724076271057,-0.1118118688464164,0.0285703931003808,0.2630086839199066
back,right,0.4248043298721313,0.3905880153179168,0.1569214463233947,0.7522857785224915,-0.2923064529895782,-0.4165349304676056,-1.6090619564056396,-0.6000980734825134,0.0600289851427078,-0.4565750062465668,0.7743127942085266,1.246275544166565,-0.111842542886734,0.0034361172001808,0.3304961919784546,0.2554768323898315
left,right,0.3932262361049652,0.4092831015586853,0.6314728260040283,-0.2724493741989136,-0.382140189409256,0.0634692534804344,-0.5925599932670593,1.0031875371932983,-0.4395094811916351,0.0041345576755702,1.2452448606491089,0.3834113180637359,0.0045099039562046,0.0348290354013443,0.2557606399059295,0.0625327304005622
down,right,0.4092697203159332,0.4093098938465118,-0.2688541114330292,-0.133156731724739,0.0565783269703388,0.0407831184566021,0.9985616207122804,1.0146443843841553,0.0589144527912139,0.970111072063446,0.3822967708110809,0.3335689306259155,0.03519719094038,0.0344838909804821,0.0618807896971702,0.0060975737869739
back,right,0.4093098938465118,0.3915254473686218,-0.112088456749916,0.4807591736316681,0.0420414619147777,-0.396257609128952,1.0140212774276731,0.7368980050086975,0.974221646785736,0.9511040449142456,0.3424252569675445,0.4027059078216553,0.0347753465175628,-1.4951711893081665,0.0044025252573192,0.3850368559360504
right,right,0.3916727602481842,0.3922753930091858,0.4032092690467834,0.1978715360164642,-0.3438625633716583,-0.2544962167739868,0.7375092506408691,-1.0769383907318115,0.9664199352264404,1.1476573944091797,0.4015074968338012,0.4281484186649322,-1.4941741228103638,-0.7003159523010254,0.3852669596672058,0.332260251045227
down,right,0.3925298452377319,0.3925164639949798,0.1741068214178085,0.1506656855344772,-0.1839091181755066,0.120358370244503,-1.0729236602783203,-1.0740022659301758,1.148556113243103,1.1951627731323242,0.4209459125995636,0.4254999160766601,-0.6983754634857178,-0.0904895290732383,0.3322142362594604,-0.1263003200292587
right,right,0.3925030827522278,0.3963599503040313,0.1506776660680771,0.2068357467651367,0.1203823387622833,-0.4093923270702362,-1.0740143060684204,-0.1632611006498336,1.1951508522033691,1.321955919265747,0.4254999160766601,1.3998773097991943,-0.0904818624258041,0.2139059603214264,-0.1263079792261123,-0.1283711940050125
up,right,0.39640012383461,0.4023728966712951,0.1988063156604766,-0.3812901079654693,-0.3097794353961944,-0.3679268956184387,-0.1634408682584762,-0.5729418396949768,1.32176411151886,0.1347626149654388,1.4000091552734375,0.967738151550293,0.2137372195720672,-0.186953917145729,-0.1283865272998809,0.256734699010849
back,right,0.4024398624897003,0.3127945065498352,-0.3680475354194641,0.4162001609802246,-0.3127515316009521,-0.055078700184822,-0.569634199142456,-0.4552807211875915,0.1355176120996475,-0.4083504974842071,0.9681216478347778,1.6352475881576538,-0.186953917145729,0.1834334284067154,0.2367316037416458,0.5201038718223572
left,right,0.3129016458988189,0.3139863908290863,0.4233787059783935,-0.255491703748703,-0.058062769472599,-0.0191260278224945,-0.490286648273468,1.0976951122283936,-0.4127247333526611,-0.1380342990159988,1.6355950832366943,0.4607574939727783,0.2162682861089706,0.0872528329491615,0.397063285112381,0.0203559268265962
down,right,0.3137854933738708,0.1342269629240036,-0.2305645048618316,-0.1532063335180282,-0.0286295115947723,0.0603653416037559,1.086010456085205,1.0102221965789795,-0.1356973797082901,1.1134783029556274,0.4604818820953369,0.1075823903083801,0.0866775885224342,-0.3834798634052276,0.0186301972717046,0.1122490465641021
up,right,0.1340662688016891,0.1337850391864776,-0.1934134066104889,-0.3347194194793701,0.0463917329907417,0.1289151012897491,0.9974830150604248,0.5781190395355225,1.12336528301239,-0.3754298388957977,0.1089006513357162,0.1521277576684951,-0.3813323080539703,-0.4793767035007477,0.1123410910367965,0.2377440184354782
down,right,0.1337984353303909,0.1341332197189331,-0.293673425912857,-0.2343754917383194,0.1160200834274292,0.0636370331048965,0.5781190395355225,0.7349326014518738,-0.3734404444694519,1.0342146158218384,0.1521756947040558,-0.048500157892704,-0.5831044912338257,-0.05237777531147,0.2378820776939392,0.2397612035274505
forward,right,0.1341332197189331,0.1613053828477859,-0.1421209275722503,-0.5854173898696899,0.0596822425723075,0.1355423927307129,0.7397622466087341,0.3445704579353332,1.0441975593566897,0.7147751450538635,-0.0496746152639389,0.0673153921961784,-0.0515187457203865,-0.319811999797821,0.2397612035274505,0.1027383655309677
down,right,0.1613187789916992,0.1609036326408386,-0.5734211802482605,-0.0532578974962234,0.1366569101810455,0.0550083927810192,0.3480218946933746,0.3843221068382263,0.7146912813186646,1.1998366117477417,0.0658293515443801,0.0668719783425331,-0.3216221034526825,-0.1512044966220855,0.1032982692122459,0.0914866179227829
up,right,0.1607964932918548,0.1604482978582382,-0.0350298918783664,-0.4896155297756195,0.0506101809442043,0.1417981535196304,0.3839146494865417,0.2279998809099197,1.2043906450271606,-0.183166891336441,0.0673034116625785,0.0657095089554786,-0.1513885706663131,-0.641357421875,0.0913562327623367,-0.0975228324532508
back,right,0.1607830971479416,0.1455431282520294,-0.3422934412956238,0.5673452019691467,0.13930544257164,-0.2285144031047821,0.3465478420257568,0.3548529148101806,-0.17819344997406,-0.3605933487415313,0.0672195181250572,0.0682861134409904,-0.6461740732192993,-0.9510604739189148,-0.0990874916315078,-0.0829730257391929
left,right,0.1457038223743438,0.1604081243276596,0.5550134181976318,-0.1053053885698318,-0.2118203938007354,-0.0893056541681289,0.3510778844356537,1.019497990608215,-0.2858237624168396,0.0584710352122783,0.0672674551606178,0.222990483045578,-0.9510374665260316,-0.3401679396629333,-0.0622796230018138,0.2106692641973495
up,right,0.1602072417736053,0.1600867211818695,-0.1039032340049743,-0.2321464270353317,-0.089281678199768,0.0590950138866901,1.014788269996643,0.7698186635971069,0.0698440670967102,-0.6657477021217346,0.223230168223381,0.2342077195644378,-0.3414488136768341,-0.2690755724906921,0.2105695605278015,0.2077010124921798
forward,right,0.1600867211818695,0.3534522950649261,-0.2108025252819061,-0.849082350730896,0.047698013484478,0.0696291476488113,0.7766856551170349,0.3404957950115204,-0.641299843788147,0.4842825531959533,0.2315352261066436,0.2620111107826233,-0.2690755724906921,0.037735927850008,0.2078927606344223,-0.0446311719715595
left,right,0.4306967556476593,0.4306833744049072,-0.8194214105606079,-0.4855648577213287,0.1184528842568397,0.1520087122917175,0.3478661179542541,0.8481835126876831,0.4765167534351349,-0.0626535266637802,0.2619991302490234,0.4621956050395965,0.0376822389662265,0.0868156477808952,0.0632843822240829,0.0213606841862201
right,right,0.4306297898292541,0.4279781877994537,-0.4275012910366058,-0.1703437715768814,0.1596546471118927,-0.228634238243103,0.8602995872497559,-0.8138247728347778,-0.0486919060349464,0.3767241239547729,0.4606856107711792,0.3719304203987121,0.0901290476322174,-0.2180707156658172,0.1198575943708419,0.0617120489478111
up,right,0.4282460510730743,0.4299200177192688,-0.1503421068191528,-0.4238940179347992,-0.1414370238780975,-0.3614074885845184,-0.796255886554718,-0.7119468450546265,0.3753099739551544,-0.5644569993019104,0.3815657496452331,0.1807580739259719,-0.2179019749164581,-0.464987963438034,0.0622642822563648,0.1169813796877861
down,right,0.4296521842479706,0.4293709695339203,-0.4060734808444977,0.0066991820931434,-0.2923184335231781,0.070575900375843,-0.7154942154884338,-0.7148230671882629,-0.5647925734519958,1.169528603553772,0.1813932359218597,0.2622747719287872,-0.4669284224510193,-0.2154936343431472,0.1165748760104179,-0.0339930169284343
left,right,0.4295182824134826,0.4303485751152038,0.0017856495687738,-0.2194311618804931,0.1392215490341186,0.0589631870388984,-0.7127857804298401,0.8456189036369324,1.172440767288208,0.8476682305335999,0.261951208114624,0.2250517606735229,-0.2118350863456726,-0.4647578597068786,-0.0339700058102607,0.3230640292167663
up,right,0.4302548170089721,0.4303485751152038,-0.1837421357631683,-0.5988637208938599,0.0518805086612701,0.1355423927307129,0.8497774600982666,0.4243015050888061,0.89173424243927,-0.114581175148487,0.2242128700017929,0.2235777080059051,-0.4648728966712951,-0.3600789904594421,0.3224657773971557,0.2824825644493103
forward,right,0.10637182742357254,0.13434749841690063,-0.3017268478870392,-1.0564934015274048,0.07624444365501404,-0.11011026799678802,-0.12358132749795914,-0.1717938631772995,0.4501754343509674,0.877988338470459,0.08571118116378784,0.08717325329780579,-0.5082845687866211,-0.03571874275803566,0.08396244049072266,0.04201573505997658
left,right,0.1343207061290741,0.3768077790737152,-1.0370429754257202,-0.49569153785705566,-0.09849755465984344,0.14203783869743347,-0.2200423628091812,0.44571730494499207,0.8736739754676819,0.17078720033168793,0.08700547367334366,0.03840944170951843,-0.08110924065113068,0.016689712181687355,0.03921622037887573,0.13644759356975555
back,right,0.37688812613487244,0.3747454285621643,-0.4955596923828125,0.4897473454475403,0.1455492079257965,-0.2932891547679901,0.4307609796524048,0.49734535813331604,0.16861805319786072,-0.48446229100227356,0.037522610276937485,0.028007134795188904,0.016682041808962822,-0.2712845206260681,0.22781917452812195,0.21657508611679077
down,right,0.37505343556404114,0.3759506940841675,0.47335293889045715,0.11841613054275513,-0.29175516963005066,-0.03308764845132828,0.5071364641189575,0.5000537633895874,-0.45258426666259766,1.049973964691162,0.027491813525557518,-0.050513509660959244,-0.2710697650909424,-0.2871151864528656,0.21770256757736206,0.21671314537525177
back,right,0.37600424885749817,0.18886590003967285,0.115204356610775,0.40618133544921875,-0.03338725119829178,-0.29170721769332886,0.49836400151252747,0.30153509974479675,1.0531857013702393,1.0461390018463135,-0.0499502494931221,-0.2061406522989273,-0.24575141072273254,-1.6166011095046997,0.21670547127723694,-0.06345311552286148
left,right,0.18891946971416473,0.40797069668769836,0.3526957631111145,-0.2537659704685211,-0.20872846245765686,0.054672833532094955,0.3052382171154022,0.9605236649513245,1.1261816024780273,0.4386466145515442,-0.20721924304962158,0.028306739404797554,-1.6128581762313843,-0.20002344250679016,-0.06338408589363098,-0.013360973447561264
right,right,0.40801090002059937,0.4051182270050049,-0.22070148587226868,0.09724000096321106,0.05427735671401024,-0.21273118257522583,0.9337389469146729,-0.8830816149711609,0.46072155237197876,0.6152940988540649,0.027695544064044952,0.029109682887792587,-0.19845110177993774,-0.2483668476343155,-0.012870099395513535,0.01007058471441269
up,right,0.4051182270050049,0.4055735468864441,0.09521467238664627,-0.26833879947662354,-0.11827151477336884,-0.32365718483924866,-0.8788511753082275,-0.8774130940437317,0.6053831577301025,-0.3451097309589386,0.028977856040000916,0.02774348109960556,-0.24852024018764496,-0.5942105054855347,0.010039905086159706,-0.17150673270225525
right,right,0.40539947152137756,0.3964804708957672,-0.18616294860839844,0.12742826342582703,-0.2492111623287201,-0.15630945563316345,-0.8829617500305176,-1.4189682006835938,-0.32972198724746704,0.18005099892616272,0.027395939454436302,-0.010965566150844097,-0.5899843573570251,-0.4451305568218231,-0.24326635897159576,0.11645982414484024
down,right,0.39739111065864563,0.39697596430778503,0.08973787724971771,0.07088669389486313,-0.011803664267063141,0.09911034256219864,-1.4132517576217651,-1.419399619102478,0.1858993023633957,1.2456523180007935,-0.011073424480855465,-0.011097392998635769,-0.44518426060676575,-0.24575906991958618,0.11649050563573837,0.1133151650428772
left,right,0.39692240953445435,0.43768733739852905,0.049614693969488144,-0.0915115475654602,0.09891859441995621,0.027432691305875778,-1.4196752309799194,0.49485263228416443,1.245304822921753,0.5385231375694275,-0.010953581891953945,-0.19692479074001312,-0.08759798109531403,-0.3120807409286499,0.11311575025320053,0.2375369369983673
back,right,0.43772751092910767,0.41930025815963745,-0.025310683995485306,0.5985881090164185,0.05025065690279007,-0.10486117005348206,0.50023353099823,0.11607920378446579,0.6086668372154236,0.8898167610168457,-0.20163458585739136,-0.17103886604309082,-0.31142112612724304,-1.626641035079956,0.23854169249534607,-0.009641069918870926
down,right,0.41962164640426636,0.42086711525917053,0.3950839638710022,0.13863351941108704,-0.0563969686627388,-0.1547035574913025,0.11446133255958557,0.10487395524978638,1.000311255455017,1.5184612274169922,-0.2870461642742157,-0.27659592032432556,-1.6233506202697754,-0.3009670376777649,-0.009740778245031834,-0.16807828843593597
left,right,0.42090728878974915,0.12750424444675446,0.1197224110364914,-0.3345995545387268,-0.14590714871883392,0.10791874676942825,0.10537729412317276,0.7762182950973511,1.5146502256393433,0.5370011329650879,-0.27687156200408936,-0.20568525791168213,-0.24755382537841797,-0.1441098302602768,-0.17042528092861176,0.3224581182003021
up,right,0.12791939079761505,0.13338327407836914,-0.2724733352661133,-0.42367830872535706,0.09881073236465454,0.16263872385025024,0.6219812631607056,0.5438681244850159,0.5365217924118042,-0.4921322166919708,-0.2073630541563034,0.20326444506645203,-0.32199791073799133,-0.14188556373119354,0.26033955812454224,0.17894653975963593
back,right,0.13338327407836914,0.12493299692869186,-0.37732332944869995,0.5511185526847839,0.13984471559524536,-0.1396513730287552,0.5475472807884216,0.11097392439842224,-0.4855049252510071,0.5780231356620789,0.20288094878196716,-0.049327071756124496,-0.14101886749267578,-1.462727427482605,0.2080768346786499,0.20737887918949127
up,right,0.12521421909332275,0.12824079394340515,0.331783264875412,-0.10177004337310791,-0.05249010771512985,0.0796239897608757,0.11189670860767365,0.19222697615623474,0.8122907876968384,-0.5363540053367615,-0.05132843554019928,0.2742709815502167,-1.4728517532348633,-0.7378448247909546,0.3152560889720917,0.3625793755054474
back,right,0.12829436361789703,0.12465176731348038,-0.09604158252477646,0.4795368015766144,0.0793004184961319,-0.14983797073364258,0.19624169170856476,0.18231602013111115,-0.5354072451591492,-0.6504438519477844,0.27385154366493225,0.5489134788513184,-0.7377757430076599,-0.9500710368156433,0.3237006366252899,0.3735089898109436
right,right,0.12509369850158691,0.1272096186876297,0.39449673891067505,0.11339473724365234,-0.1447926163673401,-0.11667761206626892,0.19125625491142273,-1.1422165632247925,-0.6363024115562439,-0.05819539725780487,0.5457616448402405,0.8526896238327026,-0.9500173330307007,-0.2254108190536499,0.3875065743923187,0.49326688051223755
left,right,0.12731675803661346,0.12842828035354614,0.08045010268688202,-0.1829032450914383,0.00499822199344635,0.053474411368370056,-1.1427557468414307,0.8489025831222534,-0.05553489923477173,0.1477295458316803,0.8526176810264587,0.08734103292226791,-0.22556421160697937,-0.2310098558664322,0.4934356212615967,0.259725958108902
up,right,0.12832114100456238,0.13394573330879211,-0.14306768774986267,-0.42158108949661255,0.049915097653865814,0.161428302526474,0.7698666453361511,0.5769326090812683,0.18556374311447144,-0.2936135232448578,0.0863942801952362,0.1251632422208786,-0.23161576688289642,-0.3207477331161499,0.2599560618400574,0.07004156708717346
left,right,0.13394573330879211,0.13394573330879211,-0.33718815445899963,-0.32474854588508606,0.12969407439231873,0.07601673901081085,0.5788860321044922,1.0798745155334473,-0.24721059203147888,-0.017233315855264664,0.12537896633148193,0.18483270704746246,-0.32131528854370117,-0.21790197491645813,0.07204341143369675,0.11333050578832626
right,right,0.13407966494560242,0.13160215318202972,-0.31254860758781433,-0.03189002349972725,0.07472243905067444,-0.16105520725250244,1.086621642112732,-0.8807327151298523,0.027120301499962807,0.2640843987464905,0.18484468758106232,0.18612700700759888,-0.21728838980197906,-0.19290576875209808,0.207593634724617,0.11583089828491211
down,right,0.13191017508506775,0.13195034861564636,-0.016682041808962822,0.02003762498497963,-0.06983128190040588,0.07640023529529572,-0.8719841837882996,-0.8725714683532715,0.30356043577194214,1.284828782081604,0.18446119129657745,0.18490460515022278,-0.19297479093074799,-0.19418664276599884,0.11589225381612778,0.11184254288673401
right,right,0.1319369524717331,0.13330292701721191,0.02250637486577034,-0.07487744092941284,0.0762803927063942,-0.4507378935813904,-0.8725834488868713,-0.7919535636901855,1.2844213247299194,0.9290650486946106,0.18503643572330475,0.18351444602012634,-0.19410227239131927,-0.19282139837741852,0.11156643182039261,0.1783176064491272
down,right,0.13304848968982697,0.13341006636619568,-0.05488775297999382,0.00800546258687973,-0.3399437367916107,0.07130693644285202,-0.7919775247573853,-0.7908869385719299,0.9294965267181396,1.1287462711334229,0.18335863947868347,0.18416158854961395,-0.19285207986831665,0.12896177172660828,0.16390585899353027,0.017456702888011932
up,right,0.13338327407836914,0.13361094892024994,0.010546118021011353,-0.21479326486587524,0.07131892442703247,-0.057978883385658264,-0.7908629775047302,-0.36363735795021057,1.128878116607666,0.17972742021083832,0.18413762748241425,0.6671857833862305,0.12872400879859924,-0.21164333820343018,0.017410682514309883,0.08090215176343918
down,right,0.13361094892024994,0.13365112245082855,-0.21463747322559357,0.04231629893183708,0.0095042884349823,0.004291150718927383,-0.3595626950263977,-0.36484774947166443,0.16795891523361206,1.198146939277649,0.6561363339424133,0.1855757236480713,-0.04119505733251572,-0.192836731672287,0.10593672096729279,-0.06372923403978348
right,right,0.13361094892024994,0.13355737924575806,0.05180780589580536,-0.07707054913043976,0.06493133306503296,-0.7533755302429199,-0.36418861150741577,-0.5257479548454285,1.1982427835464478,1.077573537826538,0.1853240579366684,-0.366225928068161,-0.19287508726119995,-0.2665368318557739,-0.06499476730823517,0.2621266543865204
forward,right,0.13328953087329865,0.5433493852615356,-0.07648332417011261,-0.5341009497642517,-0.6433483362197876,-0.518916130065918,-0.5296787619590759,-0.7571992874145508,1.0706826448440552,0.7765538096427917,-0.36533910036087036,-0.13020861148834229,-0.26654452085494995,-0.17745856940746307,0.2609991729259491,-0.054801467806100845
back,right,0.5433761477470398,0.5327563881874084,-0.5357547998428345,0.47964465618133545,-0.4482092261314392,-0.1538766473531723,-0.75314861536026,-0.3921597898006439,0.7138164043426514,-0.46159639954566956,-0.13084377348423004,0.42295926809310913,-0.17510391771793365,-0.04919476807117462,-0.05510059371590614,0.13464516401290894
up,right,0.5326492786407471,0.533345639705658,0.46636611223220825,-0.2941048741340637,-0.14415743947029114,-0.11795993149280548,-0.3600900173187256,-0.4923838675022125,-0.568064272403717,-0.7363227605819702,0.42143726348876953,0.10705508291721344,0.029828257858753204,-0.5792312026023865,0.1327276974916458,0.15424177050590515
down,right,0.5335866808891296,0.5336536765098572,-0.13665612041950226,0.05390504375100136,-0.0512797012925148,0.025047829374670982,-0.47462326288223267,-0.5583570599555969,-0.7785072326660156,1.166688323020935,0.10899652540683746,0.10940399020910263,-0.6143746972084045,-0.3001233637332916,0.17616236209869385,-0.1700647920370102
forward,right,0.5337072014808655,0.45966342091560364,0.05366536229848862,-0.5760936737060547,0.10839811712503433,-0.23348787426948547,-0.5579496026039124,-0.6356792449951172,1.1695644855499268,0.7157219052314758,0.10911636799573898,0.027395939454436302,-0.2472393661737442,-0.31112200021743774,-0.1699267327785492,-0.034583598375320435
right,right,0.4597303867340088,0.4577215909957886,-0.5436763763427734,-0.05775197967886925,-0.18948177993297577,-0.399433434009552,-0.6334741711616516,-0.9882192015647888,0.7137565016746521,0.6822859048843384,0.027791418135166168,0.18450912833213806,-0.36379891633987427,-0.37329423427581787,-0.02323213964700699,0.30402734875679016
forward,right,0.45824387669563293,0.43717843294143677,-0.07647134363651276,-0.6096735000610352,-0.32226699590682983,-0.4652867317199707,-0.9881712794303894,-0.5960953831672668,0.6821300983428955,0.6025668382644653,0.1844492107629776,-0.049051433801651,-0.3733939528465271,-0.014503789134323597,0.30019238591194153,0.13457614183425903
back,right,0.43713825941085815,0.3968018591403961,-0.6239347457885742,0.2522439658641815,-0.40723514556884766,-0.18981733918190002,-0.5968503952026367,-0.3491843640804291,0.6022792458534241,-0.254892498254776,-0.049051433801651,0.4687989354133606,-0.017840197309851646,-0.0567496232688427,0.13335663080215454,0.2605389654636383
left,right,0.3966143727302551,0.40701988339424133,0.2461080551147461,-0.14450578391551971,-0.19542595744132996,-0.043166376650333405,-0.4042638838291168,0.8917222023010254,-0.33539053797721863,-0.2099636197090149,0.45967891812324524,0.1998729109764099,-0.06061525270342827,0.13948488235473633,0.25956490635871887,-0.007401457522064447
back,right,0.4070332646369934,0.3954358994960785,-0.14425411820411682,0.5123016834259033,-0.039678968489170074,-0.5251359939575195,0.892417311668396,0.5463248491287231,-0.1708231419324875,-0.4189565181732178,0.20421120524406433,0.26105237007141113,0.14933302998542786,-0.43594202399253845,-0.007554855663329363,-0.006389030255377293
forward,right,0.39637333154678345,0.18918730318546295,0.4639333188533783,-0.6863725185394287,-0.5122888684272766,0.11773382872343063,0.5810431838035583,0.26769164204597473,-0.3753339648246765,0.3651833236217499,0.26124411821365356,0.18285530805587769,-0.4358346462249756,0.03638602793216705,-0.006435049697756767,0.11717312783002853
down,right,0.18932123482227325,0.1894417554140091,-0.6819742918014526,-0.25363415479660034,0.11924383789300919,0.08460943400859833,0.30540600419044495,0.4130123555660248,0.36239099502563477,1.0876163244247437,0.18408969044685364,0.18513230979442596,0.036224957555532455,0.037866316735744476,0.20802314579486847,0.14325080811977386
forward,right,0.18954889476299286,0.454855740070343,-0.2620830237865448,-0.598995566368103,0.10739144682884216,0.04418663680553436,0.42073020339012146,-0.009155947715044022,1.084128975868225,0.9083923101425171,0.18496453762054443,0.22462032735347748,0.03772059082984924,-0.27400732040405273,0.14340420067310333,0.06292389333248138
up,right,0.4592616558074951,0.4592214822769165,-0.5371449589729309,-0.5693585276603699,0.11827311664819717,0.13358895480632782,-0.0054887752048671246,-0.049794454127550125,0.9083803296089172,-0.20850154757499695,0.22405707836151123,0.2230384200811386,-0.34648793935775757,-0.6430677771568298,0.06331506371498108,0.06359884887933731
left,right,0.4592214822769165,0.45923489332199097,-0.49303102493286133,-0.38101446628570557,0.13868224620819092,0.1382628083229065,-0.044916875660419464,0.7743247747421265,-0.2247881144285202,-0.21673470735549927,0.22390128672122955,0.22430874407291412,-0.6462277770042419,-0.5662920475006104,0.06405137479305267,0.19695547223091125
down,right,0.45947593450546265,0.4593687951564789,-0.30128341913223267,-0.2295338660478592,0.08722199499607086,0.06199519708752632,0.7878909111022949,0.7590329051017761,-0.20865733921527863,1.009658932685852,0.22463232278823853,-0.12637364864349365,-0.6149959564208984,-0.3186768591403961,0.21057721972465515,0.16156654059886932
forward,right,0.4595295190811157,0.24394677579402924,-0.2289106845855713,-0.7006457448005676,0.06224686652421951,0.11957939714193344,0.7765657901763916,0.5645289421081543,1.0081250667572021,0.5584768652915955,-0.12791961431503296,0.38046321272850037,-0.08681564778089523,-0.014089614152908325,0.16157419979572296,0.10164157301187515
up,right,0.27415889501571655,0.40801090002059937,-0.6632070541381836,-0.4771639108657837,0.12037035822868347,0.13177934288978577,0.5835598707199097,-0.01131310872733593,0.5270422697067261,-0.44170260429382324,0.38096654415130615,0.38041526079177856,-0.013874856755137444,-0.47218233346939087,0.10251594334840775,0.0740605965256691
back,right,0.5985239744186401,0.33331090211868286,-0.4470835030078888,0.6219573020935059,0.13937734067440033,-0.21149680018424988,-0.007154582533985376,0.302829384803772,-0.2872738540172577,-0.2857039272785187,0.3812781274318695,0.2256389856338501,-0.4654097855091095,-0.6646892428398132,0.0736464187502861,0.3118736445903778
forward,right,0.33372604846954346,0.38353049755096436,0.5124574303627014,-0.7679851055145264,-0.1719968020915985,-0.013026051223278046,0.355164498090744,-0.24719861149787903,-0.17655161023139954,0.43817922472953796,0.22263094782829285,0.2263101041316986,-0.6650420427322388,0.05534603074193001,0.3133769631385803,0.062410011887550354
up,right,0.38354387879371643,0.38248592615127563,-0.7336742877960205,-0.7049121260643005,-0.012247078120708466,-0.01732838898897171,-0.24634774029254913,-0.17014004290103912,0.43768787384033203,-0.2597580850124359,0.22627416253089905,0.34347987174987793,0.055246319621801376,-0.59368896484375,0.06273214519023895,0.18825779855251312
right,right,0.3821913003921509,0.3818565011024475,-0.6144791841506958,-0.2161235213279724,-0.010065950453281403,-0.27051910758018494,-0.1702478975057602,-0.9642028212547302,-0.2698967456817627,-0.013050821609795094,0.3443067967891693,0.8146636486053467,-0.5948087573051453,0.1808333396911621,0.1859491616487503,0.20698003470897675
forward,right,0.3820841610431671,0.3264676332473755,-0.231007918715477,-0.6871874332427979,-0.2130667269229889,-0.5800476670265198,-0.9493663311004639,-0.4021786153316498,-0.013002884574234486,0.5623597502708435,0.8147954940795898,0.16894161701202393,0.180764302611351,0.013583400286734104,0.207041397690773,0.10511603951454163
left,right,0.3236553370952606,0.32676225900650024,-0.4906941056251526,-0.5344245433807373,-0.4462198317050934,0.14140266180038452,-0.4111787676811218,0.5363540053367615,0.3263903856277466,0.16889367997646332,0.14574016630649567,-0.0005273059359751642,-0.06810107827186584,-0.014250682666897774,0.15304526686668396,0.1655011922121048
right,right,0.32681581377983093,0.32662832736968994,-0.4974771738052368,-0.3722899556159973,0.14738279581069946,-0.18412484228610992,0.5381396412849426,-0.526982307434082,0.16859407722949982,0.30166691541671753,-0.0010665960144251585,0.00959936436265707,-0.01431204192340374,-0.017410682514309883,0.16703517735004425,-0.01270903181284666
back,right,0.32666850090026855,0.2803861200809479,-0.3710435926914215,0.6289081573486328,-0.17106203734874725,0.022351378574967384,-0.5246214270591736,-0.5692746639251709,0.2978799045085907,0.010126669891178608,0.00878443755209446,0.2338721603155136,-0.018116313964128494,-0.6152260303497314,-0.01138213835656643,0.31506434082984924
forward,right,0.28076109290122986,0.38224488496780396,0.5121458768844604,-0.6830888390541077,0.024688303470611572,-0.23596858978271484,-0.6020275354385376,-0.33136382699012756,0.10727079957723618,0.5203550457954407,0.22524350881576538,0.12497150152921677,-0.6152874231338501,0.023638645187020302,0.314412385225296,0.08037292957305908
up,right,0.38229843974113464,0.38248592615127563,-0.6638182401657104,-0.6467766761779785,-0.23354777693748474,-0.0976346880197525,-0.3269416391849518,-0.3253836929798126,0.5178503394126892,-0.287992924451828,0.12487562745809555,0.015339808538556099,0.023600295186042786,-0.5970560312271118,0.08071807026863098,-0.16023197770118713
left,right,0.38247254490852356,0.10382736474275589,-0.6212502717971802,-0.34080740809440613,-0.09729912877082825,0.1313718855381012,-0.329985648393631,0.6198840737342834,-0.28526049852371216,-0.17287245392799377,0.016034893691539764,0.18547984957695007,-0.5933207869529724,-0.02440563589334488,-0.1603853702545166,0.24073529243469238
down,right,0.10388093441724777,0.10410859435796738,-0.3408433496952057,-0.18941068649291992,0.13210290670394897,0.05627872049808502,0.6243781447410583,0.8922255635261536,-0.17942781746387482,0.9304192662239075,0.1862228810787201,0.18563565611839294,-0.01446543913334608,-0.01770980842411518,0.24070461094379425,0.2488730549812317
right,right,0.10406842082738876,0.10392110794782639,-0.16281768679618835,-0.09852231293916702,0.056290704756975174,-0.48800885677337646,0.8943347930908203,-0.1651306450366974,0.9701829552650452,1.0830624103546143,0.1853240579366684,0.18219617009162903,-0.016881460323929787,-0.10480157285928726,0.24865062534809113,0.17922265827655792
